[
 {
   "Id": 1,
   "NombrePresentacion": "Partido fecha 1",
   "Usuario": "Julian Guisasola",
   "Creado": "hace 2 años, 1 mes",
   "Actualizado": "hace 1 año, 4 meses"
 },
 {
   "Id": 2,
   "NombrePresentacion": "Partido fecha 2",
   "Usuario": "Julian Guisasola",
   "Creado": "hace 2 años, 1 mes",
   "Actualizado": "hace 1 año, 4 meses"
 },
 {
   "Id": 3,
   "NombrePresentacion": "Partido fecha 3",
   "Usuario": "Julian Guisasola",
   "Creado": "hace 2 años, 1 mes",
   "Actualizado": "hace 2 años, 1 mes"
 },
 {
   "Id": 4,
   "NombrePresentacion": "Partido fecha 4",
   "Usuario": "Julian Guisasola",
   "Creado": "hace 2 años, 1 mes",
   "Actualizado": "hace 1 año, 6 meses"
 },
 {
   "Id": 5,
   "NombrePresentacion": "Partido fecha 5",
   "Usuario": "Julian Guisasola",
   "Creado": "hace 2 años, 1 mes",
   "Actualizado": "hace 1 año, 5 meses"
 },
 {
   "Id": 6,
   "NombrePresentacion": "Partido fecha 6",
   "Usuario": "Julian Guisasola",
   "Creado": "hace 2 años, 1 mes",
   "Actualizado": "hace 1 año, 4 meses"
 },
 {
   "Id": 7,
   "NombrePresentacion": "Partido fecha 7",
   "Usuario": "Julian Guisasola",
   "Creado": "hace 2 años, 1 mes",
   "Actualizado": "hace 1 año, 4 meses"
 },
 {
   "Id": 8,
   "NombrePresentacion": "Partido fecha 8",
   "Usuario": "Julian Guisasola",
   "Creado": "hace 2 años, 1 mes",
   "Actualizado": "hace 1 año, 4 meses"
 },
 {
   "Id": 9,
   "NombrePresentacion": "Partido fecha 9",
   "Usuario": "Julian Guisasola",
   "Creado": "hace 2 años, 1 mes",
   "Actualizado": "hace 1 año, 5 meses"
 },
 {
   "Id": 11,
   "NombrePresentacion": "Partido fecha 10",
   "Usuario": "Julian Guisasola",
   "Creado": "hace 2 años, 1 mes",
   "Actualizado": "hace 1 año, 4 meses"
 },
 {
   "Id": 12,
   "NombrePresentacion": "Partido fecha 11",
   "Usuario": "Julian Guisasola",
   "Creado": "hace 2 años, 1 mes",
   "Actualizado": "hace 2 años, 1 mes"
 },
 {
   "Id": 13,
   "NombrePresentacion": "Partido fecha 12",
   "Usuario": "Julian Guisasola",
   "Creado": "hace 2 años, 1 mes",
   "Actualizado": "hace 2 años, 1 mes"
 },
 {
   "Id": 14,
   "NombrePresentacion": "Partido fecha 13",
   "Usuario": "Julian Guisasola",
   "Creado": "hace 2 años, 1 mes",
   "Actualizado": "hace 2 años, 1 mes"
 },
 {
   "Id": 15,
   "NombrePresentacion": "Partido fecha 14",
   "Usuario": "Julian Guisasola",
   "Creado": "hace 2 años, 1 mes",
   "Actualizado": "hace 1 año, 6 meses"
 },
 {
   "Id": 16,
   "NombrePresentacion": "Partido fecha 15",
   "Usuario": "Julian Guisasola",
   "Creado": "hace 2 años, 1 mes",
   "Actualizado": "hace 2 años, 1 mes"
 },
 {
   "Id": 17,
   "NombrePresentacion": "Partido fecha 16",
   "Usuario": "Julian Guisasola",
   "Creado": "hace 2 años, 1 mes",
   "Actualizado": "hace 2 años, 1 mes"
 },
 {
   "Id": 18,
   "NombrePresentacion": "Partido fecha 17",
   "Usuario": "Julian Guisasola",
   "Creado": "hace 2 años, 1 mes",
   "Actualizado": "hace 2 años, 1 mes"
 },
 {
   "Id": 19,
   "NombrePresentacion": "Partido fecha 19",
   "Usuario": "Julian Guisasola",
   "Creado": "hace 2 años, 1 mes",
   "Actualizado": "hace 1 año, 7 meses"
 },
 {
   "Id": 20,
   "NombrePresentacion": "Partido fecha 19",
   "Usuario": "Julian Guisasola",
   "Creado": "hace 2 años, 1 mes",
   "Actualizado": "hace 2 años, 1 mes"
 },
 {
   "Id": 21,
   "NombrePresentacion": "Partido fecha 20",
   "Usuario": "Julian Guisasola",
   "Creado": "hace 2 años, 1 mes",
   "Actualizado": "hace 2 años, 1 mes"
 },
 {
   "Id": 22,
   "NombrePresentacion": "Partido fecha 21",
   "Usuario": "Julian Guisasola",
   "Creado": "hace 2 años, 1 mes",
   "Actualizado": "hace 2 años, 1 mes"
 },
 {
   "Id": 23,
   "NombrePresentacion": "Partido fecha 22",
   "Usuario": "Julian Guisasola",
   "Creado": "hace 2 años, 1 mes",
   "Actualizado": "hace 2 años, 1 mes"
 },
 {
   "Id": 24,
   "NombrePresentacion": "Partido fecha 23",
   "Usuario": "Julian Guisasola",
   "Creado": "hace 2 años, 1 mes",
   "Actualizado": "hace 2 años, 1 mes"
 },
 {
   "Id": 25,
   "NombrePresentacion": "Partido fecha 24",
   "Usuario": "Julian Guisasola",
   "Creado": "hace 2 años, 1 mes",
   "Actualizado": "hace 2 años, 1 mes"
 },
 {
   "Id": 26,
   "NombrePresentacion": "Partido fecha 25",
   "Usuario": "Julian Guisasola",
   "Creado": "hace 2 años, 1 mes",
   "Actualizado": "hace 2 años, 1 mes"
 },
 {
   "Id": 27,
   "NombrePresentacion": "Partido fecha 26",
   "Usuario": "Julian Guisasola",
   "Creado": "hace 2 años, 1 mes",
   "Actualizado": "hace 2 años"
 },
 {
   "Id": 28,
   "NombrePresentacion": "Partido fecha 27",
   "Usuario": "Julian Guisasola",
   "Creado": "hace 2 años, 1 mes",
   "Actualizado": "hace 2 años, 1 mes"
 },
 {
   "Id": 29,
   "NombrePresentacion": "Partido fecha 28",
   "Usuario": "Julian Guisasola",
   "Creado": "hace 2 años, 1 mes",
   "Actualizado": "hace 2 años, 1 mes"
 },
 {
   "Id": 30,
   "NombrePresentacion": "Partido fecha 29",
   "Usuario": "Julian Guisasola",
   "Creado": "hace 2 años, 1 mes",
   "Actualizado": "hace 2 años, 1 mes"
 },
 {
   "Id": 31,
   "NombrePresentacion": "Partido fecha 30",
   "Usuario": "Julian Guisasola",
   "Creado": "hace 2 años, 1 mes",
   "Actualizado": "hace 2 años, 1 mes"
 },
 {
   "Id": 32,
   "NombrePresentacion": "Partido fecha 31",
   "Usuario": "Julian Guisasola",
   "Creado": "hace 2 años, 1 mes",
   "Actualizado": "hace 2 años, 1 mes"
 },
 {
   "Id": 33,
   "NombrePresentacion": "Partido fecha 32",
   "Usuario": "Julian Guisasola",
   "Creado": "hace 2 años, 1 mes",
   "Actualizado": "hace 2 años, 1 mes"
 },
 {
   "Id": 34,
   "NombrePresentacion": "Partido fecha 33",
   "Usuario": "Julian Guisasola",
   "Creado": "hace 2 años, 1 mes",
   "Actualizado": "hace 2 años, 1 mes"
 },
 {
   "Id": 35,
   "NombrePresentacion": "Partido fecha 34",
   "Usuario": "Julian Guisasola",
   "Creado": "hace 2 años, 1 mes",
   "Actualizado": "hace 2 años, 1 mes"
 },
 {
   "Id": 36,
   "NombrePresentacion": "Partido fecha 35",
   "Usuario": "Julian Guisasola",
   "Creado": "hace 2 años, 1 mes",
   "Actualizado": "hace 2 años, 1 mes"
 },
 {
   "Id": 37,
   "NombrePresentacion": "Partido fecha 36",
   "Usuario": "Julian Guisasola",
   "Creado": "hace 2 años",
   "Actualizado": "hace 1 año, 11 meses"
 },
 {
   "Id": 40,
   "NombrePresentacion": "Partido fecha 37",
   "Usuario": "y df",
   "Creado": "hace 1 año, 11 meses",
   "Actualizado": "hace 1 año, 11 meses"
 },
 {
   "Id": 41,
   "NombrePresentacion": "Partido fecha 38",
   "Usuario": "y df",
   "Creado": "hace 1 año, 11 meses",
   "Actualizado": "hace 1 año, 11 meses"
 }
]