[{"id":1,"email":"kmeneer0@ed.gov","nombreApellido":"Karilynn Meneer"},
{"id":2,"email":"kfairhead1@addthis.com","nombreApellido":"Kippie Fairhead"},
{"id":3,"email":"bbernaldo2@sohu.com","nombreApellido":"Blondy Bernaldo"},
{"id":4,"email":"jharms3@yandex.ru","nombreApellido":"Jordain Harms"},
{"id":5,"email":"sheamus4@360.cn","nombreApellido":"Shandeigh Heamus"},
{"id":6,"email":"sflute5@pagesperso-orange.fr","nombreApellido":"Silvio Flute"},
{"id":7,"email":"timlaw6@wikipedia.org","nombreApellido":"Tabbatha Imlaw"},
{"id":8,"email":"kmacenelly7@princeton.edu","nombreApellido":"Kynthia MacEnelly"},
{"id":9,"email":"sdeplacido8@woothemes.com","nombreApellido":"Salomi Deplacido"},
{"id":10,"email":"ksigne9@mac.com","nombreApellido":"Kaile Signe"},
{"id":11,"email":"frizzottoa@hugedomains.com","nombreApellido":"Fanya Rizzotto"},
{"id":12,"email":"ccowlasb@tiny.cc","nombreApellido":"Candie Cowlas"},
{"id":13,"email":"arosenblathc@google.com.au","nombreApellido":"Austin Rosenblath"},
{"id":14,"email":"rgiddonsd@wordpress.com","nombreApellido":"Raimundo Giddons"},
{"id":15,"email":"vparduee@zdnet.com","nombreApellido":"Veda Pardue"},
{"id":16,"email":"fbrimblef@paypal.com","nombreApellido":"Fabio Brimble"},
{"id":17,"email":"gleechmang@eepurl.com","nombreApellido":"Gannie Leechman"},
{"id":18,"email":"jminesh@gmpg.org","nombreApellido":"Jacynth Mines"},
{"id":19,"email":"jwythilli@mysql.com","nombreApellido":"Jamesy Wythill"},
{"id":20,"email":"sslymj@dedecms.com","nombreApellido":"Salomi Slym"},
{"id":21,"email":"vswinnertonk@i2i.jp","nombreApellido":"Vidovic Swinnerton"},
{"id":22,"email":"rfaugheyl@ovh.net","nombreApellido":"Raimundo Faughey"},
{"id":23,"email":"gdaethm@eepurl.com","nombreApellido":"Granger D'Aeth"},
{"id":24,"email":"dburgonn@yellowpages.com","nombreApellido":"Dianne Burgon"},
{"id":25,"email":"mdoonicano@apache.org","nombreApellido":"Morgan Doonican"},
{"id":26,"email":"hrantoulp@sciencedirect.com","nombreApellido":"Horatia Rantoul"},
{"id":27,"email":"vtuppenyq@etsy.com","nombreApellido":"Vivyanne Tuppeny"},
{"id":28,"email":"cpalethorper@cbc.ca","nombreApellido":"Cord Palethorpe"},
{"id":29,"email":"kdonahers@dropbox.com","nombreApellido":"Katerina Donaher"},
{"id":30,"email":"afreelandt@walmart.com","nombreApellido":"Andrej Freeland"},
{"id":31,"email":"edybaldu@yahoo.co.jp","nombreApellido":"Evelin Dybald"},
{"id":32,"email":"ajenessv@comsenz.com","nombreApellido":"Adrianna Jeness"},
{"id":33,"email":"mlintotw@squarespace.com","nombreApellido":"Margie Lintot"},
{"id":34,"email":"mfeavearyearx@yellowpages.com","nombreApellido":"Milli Feavearyear"},
{"id":35,"email":"gtanswelly@macromedia.com","nombreApellido":"Goran Tanswell"},
{"id":36,"email":"aclipshamz@arstechnica.com","nombreApellido":"Adriano Clipsham"},
{"id":37,"email":"jfearnall10@123-reg.co.uk","nombreApellido":"Joy Fearnall"},
{"id":38,"email":"htomenson11@nyu.edu","nombreApellido":"Haskel Tomenson"},
{"id":39,"email":"hjanssen12@unblog.fr","nombreApellido":"Haley Janssen"},
{"id":40,"email":"ebrech13@vimeo.com","nombreApellido":"Elsworth Brech"}]